gene_id,baseMean,log2FoldChange,lfcSE,stat,pvalue,padj
YAL003W,13854.587619029684,1.106799990416184,0.10382932601220465,10.6598013579139,1.5693226606824405e-26,2.287336213829246e-25
YAL012W,29479.775964650544,-1.8438272363347772,0.0937961508653576,-19.657813453150677,4.956330326883698e-86,7.907356194484992e-84
YAL025C,3247.5515482315723,1.228170284583318,0.11091704157817157,11.072872726394655,1.6986634891473392e-28,2.7853362712324288e-27
YAL044C,3010.662347950755,-1.0661447709901366,0.12080362486605324,-8.825436920227148,1.090332876741038e-18,1.0119866307236396e-17
YAL059W,502.1477711025223,1.576452214111711,0.14217123276440718,11.088405041293125,1.4281129956566293e-28,2.34823148004487e-27
YAL062W,1280.2750540037134,-1.114720290761114,0.10858579746370291,-10.265801944621098,1.0048258852915354e-24,1.3122759293973303e-23
YAL063C-A,9.363858761603868,-1.8294983438875059,0.8122631905873671,-2.2523467332854903,0.024300369049431347,0.0450943346428146
YAL065C,23.686079961622895,-1.220041113693044,0.5108604364943421,-2.3882082591192324,0.01693074458601562,0.032575679690759515
YAL067C,5772.149795211953,-4.618856909940334,0.10979110907588076,-42.06949860346222,0,0
YAR015W,3187.223198984333,-1.0347439294951821,0.1078839802578925,-9.59126579332415,8.701089903222234e-22,9.600473588545953e-21
YAR018C,625.9600842469195,1.2691834591513569,0.12439743797980385,10.202649505992326,1.929360783792539e-24,2.4921261940322442e-23
YAR023C,103.60239569434697,-1.322059499433897,0.24989805119945643,-5.2903953955955165,1.220522117440034e-7,5.19447877379129e-7
YAR071W,33.06616428071758,-1.050085569253143,0.4124913662942185,-2.54571526838733,0.010905410018368302,0.021903584667719665
YBL002W,3159.005249513495,1.035147021685946,0.10976651728335773,9.43044424934934,4.083557219997441e-21,4.2968339161577346e-20
YBL004W,1386.6135038935508,1.2810824210939664,0.11290062051234505,11.346991852483994,7.67582135624115e-30,1.4027979401204803e-28
YBL024W,2572.978707884875,1.1228233932629805,0.09137488366115971,12.288096556452894,1.0494811259927767e-34,2.5599533416261825e-33
YBL027W,12065.7944660264,1.047314972218683,0.10442944964913586,10.02892360093319,1.1374985605277966e-23,1.395977963159165e-22
YBL039C,3519.541083610089,1.617087932716714,0.09299970802834766,17.388096876861187,1.0155059247470145e-67,1.0899148134148412e-65
YBL068W,793.3179174793833,1.0335272624207423,0.11709270181523597,8.826572846970219,1.0793205838494413e-18,1.00334321361626e-17
YBL071C-B,22.320896411160508,-1.2109497081162897,0.5124774871560095,-2.36293249648184,0.018130971784002883,0.034580654746678194
YBL072C,8911.755138753215,1.335537883187352,0.08839417474942073,15.108890229173207,1.4150281714694052e-51,7.806459155312056e-50
YBL087C,5281.168412598776,1.132834440605343,0.11298408422607754,10.026495752610407,1.1658085565155464e-23,1.4277526782388526e-22
YBL092W,15028.337157293945,1.1939188962364964,0.10518585639840393,11.350564962977405,7.368504215054143e-30,1.35081616091505e-28
YBR018C,17.081681889673806,-1.5298130395134235,0.5937337471320173,-2.576597754301589,0.00997779878113315,0.020219343015801233
YBR021W,956.0440192225544,1.1328808822961103,0.11148255047658746,10.161956982981184,2.9313267652083136e-24,3.753497157272164e-23
YBR025C,6591.914027378267,1.0506351913757013,0.08951954406046016,11.73637782008941,8.296415701693209e-32,1.7064021563447738e-30
YBR029C,2385.2530958738253,1.5909827676756074,0.09290693339617472,17.1244783302805,9.747933658437483e-66,9.280976191251042e-64
YBR034C,4195.781020120594,1.0988571265133218,0.10208730053305211,10.763896398235667,5.0968539479733246e-27,7.636225597686938e-26
YBR038W,1800.2882063470397,1.3427311365568808,0.09900207163057716,13.562656967090913,6.667639734486091e-42,2.38539862743463e-40
YBR046C,753.3594995787665,-1.2615919006938419,0.12208691063582326,-10.333555776974999,4.968395432258495e-25,6.590660277892561e-24
YBR048W,9845.920030554644,1.213639055231521,0.08478083713515158,14.315016178677547,1.7632310459158722e-46,7.645301390256454e-45
YBR050C,216.33941869538262,-1.074694718255391,0.17850737556397647,-6.020449938608973,1.7393289575724046e-9,8.828253513800434e-9
YBR054W,623.7423603862769,3.7832101727189205,0.1634384574188483,23.147613067734618,1.5364965979227206e-118,4.319018770256104e-116
YBR068C,3272.0100762075663,1.1205805759908738,0.09090900065899164,12.326398572945255,6.530060547614605e-35,1.619619639183572e-33
YBR072W,580.3814031881348,2.058614722111497,0.1444361361612999,14.252767879448998,4.308596305815276e-46,1.8038045385267783e-44
YBR079C,8643.226834504541,1.1056024937924007,0.09026997779838315,12.247731978640228,1.7275996795351528e-34,4.145536954591873e-33
YBR084W,4838.377640636204,1.1567232822670783,0.08805552641407993,13.136293988268296,2.0397456255221982e-39,6.206504344050277e-38
YBR092C,1254.9508345749562,2.4223914698381583,0.1153629279482862,20.998006143915184,6.839632326794965e-98,1.2616984257834587e-95
YBR117C,1521.2036829385404,-1.1017632856370976,0.10967117852874739,-10.046060418219174,9.561370492504838e-24,1.1807692472229302e-22
YBR138C,384.2562463785667,1.1652989621165941,0.1472675800513421,7.91280037133994,2.5166273188924757e-15,1.911924203786652e-14
YBR141C,310.0054251255357,1.0147141294013973,0.1542989613655354,6.576286194159998,4.8234374001763603e-11,2.7616635279574253e-10
YBR142W,1913.6204207442606,1.3125848850857016,0.09718206345099926,13.506452101086818,1.4326089408825842e-41,5.063886573670596e-40
YBR181C,6428.904952137009,1.2875822556359051,0.08792595750226175,14.643937833748177,1.4728495186205612e-48,7.126418613456699e-47
YBR189W,11781.740026881307,1.6205789097164032,0.08694383323469779,18.639377278682694,1.5402332320043574e-77,2.1144178531445864e-75
YBR191W,7295.608654264453,1.2433852483916275,0.11722783257034239,10.606570309534094,2.7775826225602535e-26,3.960403435017676e-25
YBR200W-A,4.872478949683618,5.769014014102289,1.6917017328811295,3.4101839006082404,6.49190892537987e-4,0.0016676126364890066
YBR213W,2078.0011990459284,-1.6417123066294055,0.1042154910827677,-15.753054460258324,6.544253215372958e-56,4.389855310266656e-54
YBR235W,1247.0165581102765,-1.0057067239255613,0.10539502904466932,-9.542259564246763,1.3975356727326239e-21,1.5220762133100883e-20
YBR247C,1665.6183801328796,1.3661035160307062,0.1035937305706831,13.187125403294548,1.0407879394077906e-39,3.267963407619249e-38
YBR267W,1835.2910017105212,1.0877784429170658,0.11694707352567368,9.301459285154863,1.385311134680591e-20,1.4296314034999176e-19
YBR281C,2439.974169154215,-1.1844121184020935,0.09484257847433167,-12.488189771460553,8.660169526902579e-36,2.2226513355350402e-34
YBR285W,98.39036125400732,-1.5361419306482849,0.2583052985188628,-5.947001240224686,2.730993427726476e-9,1.368510543622189e-8
YBR286W,18240.77530353245,-1.10539533786699,0.10516327973526657,-10.511229210896273,7.668740910515098e-26,1.0601540420320989e-24
YBR291C,1340.7181332551138,1.397991198789589,0.10534703376950337,13.270342303594026,3.4400575878998214e-40,1.0976572941282512e-38
YBR293W,610.9955969350932,-1.1214171785176745,0.12340668652304974,-9.087167074275328,1.016531109113354e-19,9.918319234869635e-19
YBR294W,14636.405262129945,-2.624400543561017,0.0968188163782259,-27.106306828919596,8.297347885322314e-162,5.442138285228625e-159
YBR296C,171.40029695851126,-1.7327008869007958,0.214555178440797,-8.075782181034173,6.704546958494185e-16,5.3194812763429e-15
YBR301W,15.916679850617381,-1.9397788792867836,0.6490564773479738,-2.9886133903364844,0.0028024649113123643,0.006352899528216931
YCL026C-B,1077.4082562638657,-1.4513719035772028,0.12833393079547198,-11.309338805263275,1.179751837820761e-29,2.1039501808628254e-28
YCL027W,223.06878607563164,-1.242032975158522,0.18281957050824849,-6.793763773241572,1.0924521507003695e-11,6.566950148252832e-11
YCL030C,7833.881718869178,-1.1560438927725176,0.09109573684587922,-12.690428035379703,6.68196034618301e-37,1.801078170023667e-35
YCL036W,1499.873968038547,1.5783018179568893,0.11012410581220577,14.332028453864238,1.380293053207993e-46,6.080499920214018e-45
YCL037C,3671.3195163792975,1.2342711756607576,0.10386319418800655,11.883624274317603,1.4398621747754374e-32,3.0464180708600025e-31
YCL048W-A,93.3276928528517,-1.930233576622755,0.28125951028974255,-6.862820654968445,6.751396787291876e-12,4.1256206247809465e-11
YCL054W,5184.771934695564,1.2951435391305421,0.0854971503126225,15.148382541345727,7.765428157658813e-52,4.324464378741507e-50
YCL059C,1756.3422146551843,1.2108378359133884,0.09694625546447888,12.489784469881249,8.488327878033658e-36,2.1880611119664926e-34
YCR011C,2747.8474650136195,-1.031885395124419,0.09453132102808011,-10.915804242467974,9.686810379633027e-28,1.5008199913641408e-26
YCR025C,141.66320483468974,-1.3989894696281755,0.21553399495643305,-6.4908065658550065,8.537804219585494e-11,4.8182273717221e-10
YCR031C,14477.320866772363,1.2634797313273205,0.10548795460198147,11.97747871872745,4.662898643848177e-33,1.0270556229341712e-31
YCR034W,2199.3535743899456,1.3729542600661833,0.09563654875580331,14.355957820810334,9.776541944480345e-47,4.37203993168693e-45
YCR057C,3369.1430780928727,1.0438052950181966,0.09043295896941116,11.542310534937407,8.072721198683694e-31,1.5322595895765222e-29
YCR072C,1225.6127296213315,1.4624672620105716,0.11230841728012844,13.021884712013806,9.187486501812716e-39,2.7116866410100233e-37
YCR087C-A,821.4430336691732,1.3726162385731315,0.1310109349591576,10.477111998330841,1.1005320439255893e-25,1.5108001523936638e-24
YCR102C,249.48169614803436,-1.0044764037712182,0.1734910794954192,-5.789787040882064,7.0475721588418954e-9,3.379514090466589e-8
YDL031W,3981.635398265219,1.095887590836011,0.08645606876359042,12.675658360463487,8.067844189350539e-37,2.1549540384496033e-35
YDL037C,528.9864168870894,2.186870046333189,0.13935671629807656,15.692606028801592,1.699334604085328e-55,1.1145746853239658e-53
YDL039C,1149.3533555079073,1.9692562926066446,0.1361561901676565,14.463215298414214,2.0690228569039154e-47,9.394955326387548e-46
YDL059C,2477.410520522229,-2.1089572170378132,0.09503018742968597,-22.192497711301023,4.0581692021225794e-109,9.582149120051835e-107
YDL061C,5228.603935936804,1.0379170323590972,0.10787630267749167,9.621362677418292,6.496474368139279e-22,7.221975177989861e-21
YDL063C,645.9891527970235,1.4448113152575444,0.13016617592288107,11.099744653430895,1.258027884293613e-28,2.085993989040786e-27
YDL075W,10861.764491739876,1.034488932202398,0.12057794003305498,8.579421177031266,9.535173418010392e-18,8.451370673650953e-17
YDL081C,8174.904203144045,1.3219955457193322,0.09356858111358266,14.128626617887528,2.530309072786444e-45,1.044504507458628e-43
YDL083C,7838.113777473177,1.0667771232208605,0.09599577069404723,11.112751275478974,1.0875611443114413e-28,1.8135235691724403e-27
YDL085W,515.9109160097902,-1.4829460086522153,0.13936896868842066,-10.640431816407812,1.9323172907920423e-26,2.782065601840348e-25
YDL130W,9477.751002872476,1.1849353342816376,0.10238467997178466,11.573365611028759,5.623267807362564e-31,1.084776139439909e-29
YDL131W,6594.5881507365975,1.0935437270709985,0.08894581214311699,12.29449370040545,9.69623820326114e-35,2.3848705880771048e-33
YDL133C-A,8226.460789603125,1.4662899543220358,0.0963619499620942,15.21648280155008,2.7491907833638435e-52,1.5755799217666765e-50
YDL136W,3790.6512317598936,1.0492595968761087,0.09297871720517938,11.28494378515323,1.5574111311971978e-29,2.7361303296003147e-28
YDL148C,3146.8166659081517,1.0051732787366932,0.08883015241920075,11.315676618375628,1.0975229023411401e-29,1.9812470007705659e-28
YDL153C,3876.625197123633,1.1853671095620473,0.0880324265281256,13.465119119297851,2.509132471410172e-41,8.712593516902498e-40
YDL167C,1144.007970149832,1.1301414253828208,0.10604512913418566,10.657174305033669,1.6142764320245304e-26,2.347062506955863e-25
YDL169C,506.28407552337853,-1.4092599412521647,0.13297731552080555,-10.597746959568248,3.0524531489444256e-26,4.321014613481761e-25
YDL179W,710.210591906207,1.7560353615098874,0.12249043109757102,14.33610238591698,1.3016312866251314e-46,5.77708983830688e-45
YDL182W,7457.98543431545,2.3351430298328832,0.09485265084387601,24.61863752945021,7.978953182358832e-134,3.623058510420322e-131
YDL184C,13753.533281333159,1.5665718363504066,0.09049727370932721,17.310707517909968,3.90585822536723e-67,3.975220880059096e-65
YDL201W,809.0899177167803,1.0619400787319586,0.1162447276046663,9.135382744785495,6.517581490871283e-20,6.476983761045991e-19
YDL208W,3880.6520787007244,1.309961273334902,0.09290028618163904,14.100723767133076,3.7589461437373497e-45,1.5197985675672312e-43
YDL210W,433.4225462917458,-1.03430005340759,0.1390582141689308,-7.437892537229773,1.0230422752222498e-13,7.054928213360912e-13
YDL223C,5825.896773651021,-1.787403940175979,0.09745772111259063,-18.340301002021512,3.9460621308960893e-75,5.063827121452091e-73
YDL229W,22326.78188271834,1.3590394928866747,0.09527375693578324,14.264573336839224,3.63810172543068e-46,1.545015430591173e-44
YDL238C,799.0639504173554,-1.4244097146816601,0.11943737012786143,-11.925996973617094,8.664054297065525e-33,1.866566150203569e-31
YDL239C,842.0066275748327,-1.49297750893376,0.13185364222984808,-11.322990276834313,1.009680139276719e-29,1.8338898037386067e-28
YDL242W,45.81663976326968,-1.4563397704715917,0.3701190217142183,-3.934787689988228,8.32702719794352e-5,2.5066007929352676e-4
YDL243C,267.56650569153015,-1.3797766093339316,0.17455081105625447,-7.9047275746502,2.6852019138790184e-15,2.0347556993103782e-14
YDR019C,3527.192435344246,-2.652160852243051,0.09135360073982791,-29.031815174930202,2.61098988255887e-185,2.20181046810643e-182
YDR025W,7249.143264196346,1.087455286070783,0.10734971766847136,10.130024649241987,4.0654694473455416e-24,5.138857847469108e-23
YDR033W,9031.76166139365,3.0656803787303466,0.08518633499052025,35.9879360823717,1.2918351692061665e-283,1.9064257509560003e-280
YDR060W,4363.166342507442,1.4398292897764342,0.08931658143419684,16.12051498900252,1.8307722525788227e-58,1.3342035317250359e-56
YDR064W,9556.136348388472,1.0296928982706934,0.09212150918449101,11.177551338293163,5.251911696587734e-29,8.986097027523882e-28
YDR070C,203.6362815625077,-1.0612674297564784,0.1843517728191592,-5.756751961357779,8.574775928494556e-9,4.0754349682691923e-8
YDR083W,1358.045004906773,1.4008345282312387,0.10397175828959208,13.473221490873515,2.248379531120711e-41,7.853363533849441e-40
YDR087C,993.1731993290051,1.0181912732997604,0.1134769557371851,8.972669972376698,2.89412223730531e-19,2.7599359558664367e-18
YDR091C,2427.760886739559,1.1328827701565876,0.09649708509443757,11.740072449316823,7.941838900514279e-32,1.644935965955642e-30
YDR101C,1834.7863245100714,1.6885798039840352,0.09804397292729555,17.222678289834302,1.7948665434762803e-66,1.7957791874814375e-64
YDR116C,974.3718553737585,1.0251343358694809,0.11028819363022965,9.295050559142485,1.471362548325977e-20,1.5157858852998676e-19
YDR120C,2172.175907023616,1.245451305300986,0.09333427829271523,13.343986026173555,1.2840584948750458e-40,4.258313087217637e-39
YDR123C,586.7583256420577,1.0198745213797413,0.1298419993920191,7.854735187037094,4.0061767031445484e-15,3.0010737409469887e-14
YDR146C,1665.913216606321,1.9624383704213169,0.11095700048391109,17.686476399529862,5.3306302670638156e-70,5.937115182354284e-68
YDR165W,940.4977838036327,1.2186548837292495,0.11264178394432023,10.818852836454017,2.802632783112839e-27,4.285995160288883e-26
YDR184C,739.1520844489237,1.2558278298704328,0.12674441134849737,9.908348750915726,3.829223160600337e-23,4.584970449700566e-22
YDR225W,4580.727874678757,1.0093096096125316,0.08729558841249756,11.56197727705602,6.421294702527757e-31,1.2306786567864074e-29
YDR234W,6738.371325800517,1.760675039909211,0.08668925335025968,20.310188078277374,1.0450344854710515e-91,1.762525305067319e-89
YDR253C,1195.6558869498394,-1.7594843314182125,0.10699853197412872,-16.444004407870192,9.259345170796481e-61,7.487385553864607e-59
YDR299W,2265.276241578484,1.0580777424988388,0.10473915984304341,10.102026253451129,5.411237502486376e-24,6.753178642109319e-23
YDR300C,906.1707330290154,1.003187627365777,0.12144850925458905,8.260188894231902,1.4544211939480925e-16,1.2024437405988223e-15
YDR321W,1085.0959114346892,1.3126445872686776,0.10687091787967504,12.282523752126577,1.1243524839478206e-34,2.7312974126518455e-33
YDR324C,1617.4920825606139,1.700184534072609,0.09909433548799679,17.157232304954007,5.549601417576175e-66,5.370376584910191e-64
YDR337W,1084.2934370127352,1.0992672788686326,0.10598037254072952,10.372366623321419,3.312184275289868e-25,4.403563913746867e-24
YDR343C,65.78174997079647,1.7854202621381317,0.31200200846554554,5.722464002456241,1.0499009482231246e-8,4.95013202664625e-8
YDR365C,4503.970678668815,1.1411323920495373,0.09126358054733211,12.50369956126925,7.125636447910042e-36,1.8448522785970605e-34
YDR418W,6842.7308642437765,1.024535455106402,0.10151930041132742,10.092026353169052,5.991962021313327e-24,7.446431960381594e-23
YDR447C,5937.016197373523,1.5533123392811063,0.10431503590169265,14.890589126048528,3.794115760575977e-50,2.0360604849709086e-48
YDR449C,833.4525131722602,1.0055507074873244,0.11320253211706044,8.882758085724662,6.522269988585815e-19,6.140503946191717e-18
YDR450W,9914.363751723102,1.1512574594238418,0.09164292648059712,12.562425749985069,3.397541841763981e-36,8.953432808898563e-35
YDR453C,293.089213230674,-1.2654280992145501,0.16400314510294664,-7.715877024310885,1.2015312084853918e-14,8.734776753311907e-14
YDR454C,1594.5778387738444,1.0334725922629069,0.10492967607661827,9.849192629816933,6.90967816482265e-23,8.076798060781803e-22
YDR465C,1316.07404437327,1.4314195083241559,0.10666101691875078,13.420268713681422,4.600420961319623e-41,1.5607060307281456e-39
YDR496C,2426.8765331220934,1.2507424756463552,0.1051325347372913,11.896816516140817,1.2294837900133709e-32,2.6106628821758737e-31
YDR497C,42466.77272816008,1.5034556037583546,0.09121841585409073,16.481930646145194,4.9479228600984146e-61,4.056609533772353e-59
YDR514C,862.8536629120973,1.0219806042442965,0.11206235121442391,9.119749792584702,7.529796763363961e-20,7.40806504902291e-19
YDR533C,3943.6058974132643,-1.1848075778882348,0.08902179971130791,-13.309184735991533,2.047031986761859e-40,6.713127676586252e-39
YEL026W,2464.7684803217835,1.3443784312409612,0.09582554824144879,14.029436365483356,1.0296665076330201e-44,4.079276103730012e-43
YEL050C,1555.4763382740516,1.0363398232712673,0.09894852843778126,10.473524362951155,1.1430634218799572e-25,1.5655460276931293e-24
YEL054C,7442.42259236493,1.33790872956374,0.08761501862917366,15.270312675802469,1.2059345488217088e-52,6.979050629112302e-51
YEL065W,553.1815633879565,-1.3173216965166497,0.1281076103407668,-10.282930834573905,8.412964573244055e-25,1.10605189033095e-23
YEL067C,230.7119153540997,-1.3665179235162797,0.1767663531010114,-7.730644998572756,1.0700303408244875e-14,7.827000126253965e-14
YEL072W,722.2104218064782,-1.6682391784024075,0.12517568175436125,-13.327182684541555,1.6085841639987058e-40,5.304733139711933e-39
YEL073C,377.22264042883273,1.3581632265250325,0.1490263974619087,9.113574840807518,7.971119367359073e-20,7.81619894111638e-19
YEL075C,14.576275646363094,-1.6084521228184905,0.6426876249768352,-2.502696582770619,0.012325115669646291,0.024496686127246484
YER006W,3473.5949365418414,1.5018667446873335,0.0944033761022533,15.909036378747535,5.485123798554172e-57,3.948620217422594e-55
YER011W,102.73095323922271,-1.3219751775726174,0.2544505534134758,-5.195410895508806,2.04268158267829e-7,8.473611653232569e-7
YER026C,6005.152737855646,1.311664460498236,0.0854912620902178,15.342672788173997,3.9652641902222814e-53,2.3406954514882128e-51
YER042W,2599.1060555279955,-2.078947045204163,0.09873956312646433,-21.05485359036352,2.0642017814948066e-98,3.930639714891562e-96
YER043C,26473.198091820115,1.593562988280769,0.09149829944111666,17.416312631103047,6.204934373212753e-68,6.782912519458311e-66
YER069W,8832.005916425655,-1.793836856006649,0.10029473773944092,-17.885652791345027,1.5255599808314287e-71,1.8010761133695848e-69
YER096W,117.09871102216705,-1.1391247546956864,0.23198366832583933,-4.910366160326838,9.090648505719038e-7,3.5420526817993057e-6
YER102W,4369.275621131996,1.4049817618168254,0.09080578024483779,15.472382463193439,5.329742968259923e-54,3.2434507981070435e-52
YER110C,2578.9638047768194,1.2066704597839208,0.09640112606085284,12.517182206172723,6.0132228696755114e-36,1.5637028458015218e-34
YER117W,10073.318353389674,1.0855993384153888,0.0964782678560888,11.25226812772713,2.2571202109077056e-29,3.918759001467114e-28
YER119C,1429.8206626516871,-1.0985595461981792,0.1038539227420718,-10.577930204201586,3.7719867247409326e-26,5.301437532415649e-25
YER124C,1999.017549644436,1.0103836101491572,0.10299155332542996,9.810354126387182,1.0161133648519755e-22,1.1761014103374924e-21
YER126C,2437.742046967261,1.3307748981678784,0.09458982229321232,14.068901557322977,5.897836600181015e-45,2.368362547678131e-43
YER127W,2013.9838598306608,1.0890677662922652,0.10064923507257316,10.820427651606021,2.7548890149762634e-27,4.223924637767502e-26
YER131W,8019.9176062261095,1.3930481371253618,0.0962981425937015,14.465991758562495,1.9871985730203805e-47,9.164400919171333e-46
YER142C,345.17624764868,-1.3325602462913677,0.15511137736296318,-8.59098970653297,8.622335888619338e-18,7.653781766995481e-17
YER165W,16673.429131163633,1.1616344361176356,0.08324346410062113,13.954662371012116,2.946939547855475e-44,1.1444594836178204e-42
YFL011W,37.69597920529098,-1.5725855350299947,0.40247775749765297,-3.9072607261760672,9.334840779595192e-5,2.7928821653294683e-4
YFL014W,50290.273148139284,-2.3013161710889807,0.24002100827596834,-9.587978100829417,8.982801281194611e-22,9.874390309663275e-21
YFL019C,24.26351906440568,-1.1706667007750813,0.4839973479041144,-2.418746106449749,0.01557410633684757,0.030191773302598094
YFL020C,30.927045363464142,-1.3616364002931345,0.43857211215541303,-3.1047035653982102,0.001904698107414148,0.0044652235615828895
YFL051C,40.65965925750593,-1.0318354538110925,0.37879191496660397,-2.724016572270461,0.006449327024551145,0.013586858467496576
YFL053W,262.9111712282459,-1.0404007912941489,0.17201812714069042,-6.048204387455192,1.46469070142228e-9,7.498759072416062e-9
YFL055W,2292.660074095193,-2.6750579564656873,0.11108188133886858,-24.081856772889026,3.8729328086900127e-128,1.4288701481060715e-125
YFL058W,36.02473940602406,-1.2346438712957024,0.4022181247171288,-3.069587856499506,0.0021435434903671695,0.00497966832886163
YFL064C,49.77907995990074,-1.2343387326687407,0.3429384336824778,-3.59930124895712,3.190733909180537e-4,8.683680159471051e-4
YFL065C,85.9467659388045,-1.6095746852219077,0.27518778787646464,-5.849004774675781,4.9452289551767436e-9,2.4185324376477477e-8
YFL066C,407.0307378318066,-1.1951240672507275,0.14397477259337915,-8.300926931317735,1.0330221596322138e-16,8.62507752236062e-16
YFR020W,291.2187131078291,-1.1333493705259965,0.16111713416403164,-7.034319325542034,2.002360753582232e-12,1.2805997322205759e-11
YFR030W,25864.180751071603,-1.9067345624556444,0.08369241284289389,-22.78264537593076,6.814908865280993e-115,1.7490611752936393e-112
YFR031C-A,14800.04710041808,1.0058596871863492,0.2468960335284111,4.074021250206119,4.620826249334771e-5,1.4438031716439468e-4
YFR032C-A,5967.266901544135,1.3791930510466395,0.12335883747618212,11.180334374607991,5.089785148961327e-29,8.734012132069393e-28
YFR053C,2105.9810279439685,1.196845858739656,0.09975351484420192,11.998031955153925,3.638453262479895e-33,8.13552636682531e-32
YGL007C-A,13.503719413952167,-1.6113716836396705,0.6634969035635307,-2.4286046777087624,0.01515704899731285,0.029489802317448174
YGL008C,83531.8869363202,1.185776670398268,0.08669686922884845,13.67727209696864,1.388029381682087e-42,5.120960900043349e-41
YGL021W,1142.6553237981038,1.1033398539288561,0.1114292575272748,9.901706952133187,4.092298047032972e-23,4.870329712023313e-22
YGL028C,1526.7861798383724,1.3490456402352293,0.1024195503232195,13.171759063361046,1.2758986175403281e-39,3.964015547021346e-38
YGL029W,843.5010405166718,1.3487618407256563,0.1159754508462851,11.629718452341413,2.9105595999754815e-31,5.727011106218422e-30
YGL030W,13182.427459911132,1.4543690247168988,0.08220884707964146,17.691149753115376,4.906401918097454e-70,5.5697097158710145e-68
YGL031C,10063.92571163396,1.182493205919468,0.09769545904984152,12.103870716408556,1.007462939984269e-33,2.3321779351871135e-32
YGL055W,7117.29926236415,1.3891336244667147,0.10230553612112929,13.578284002363144,5.387386273287186e-42,1.9510270657186663e-40
YGL076C,12039.671839574845,1.3404979912451769,0.08638421551226609,15.517858017184093,2.6267384842304443e-54,1.6321723444644539e-52
YGL078C,5202.1747258715795,1.4288279185066417,0.08798243098055507,16.239923159459256,2.632537006289903e-59,1.9670716390037082e-57
YGL096W,303.5903274741258,-1.3814432988862497,0.16409131803095164,-8.418747045627823,3.8053202843535674e-17,3.274461463343893e-16
YGL099W,1856.6669951582344,1.1398686216890062,0.0981176123927778,11.617370152934022,3.363303073955307e-31,6.595873104836603e-30
YGL116W,946.3881744861915,1.1871924936439782,0.10945886845999046,10.846014675164692,2.0831142372810778e-27,3.2022456621536984e-26
YGL120C,4439.470944679734,1.118073173783677,0.09411588972179248,11.879749286637066,1.5081902971897873e-32,3.1795883301111835e-31
YGL123W,24642.409852979614,1.3734346740489152,0.11480156942724712,11.963553119535515,5.515054392441045e-33,1.2057542992066478e-31
YGL135W,8274.773298373922,1.0324298117448498,0.09829468188077366,10.503414752357951,8.33107326792177e-26,1.1490262967416404e-24
YGL147C,7875.187018374675,1.5380931719551811,0.10608054857873402,14.49929504100927,1.224004941192056e-47,5.689213517997406e-46
YGL171W,1245.7479782487476,1.299168668415501,0.10362962355662574,12.536653360567346,4.7044655156556934e-36,1.2342426639518027e-34
YGL180W,748.8012624920893,-1.459743438397276,0.12621629285658492,-11.565412082384091,6.169439406807513e-31,1.1862606129767019e-29
YGL183C,93.14149457099649,-1.7199827181178882,0.2751086926088868,-6.252011529723389,4.0519947221732083e-10,2.1685335308239757e-9
YGL184C,3059.0610473966135,-3.2777159081331027,0.10006034458346692,-32.75739176971297,2.3828311025834846e-235,2.8131703997100618e-232
YGL196W,1102.4125543714395,-1.0661173932364116,0.10757375194965595,-9.91057180691578,3.7449665427098366e-23,4.4931986791902775e-22
YGR027C,8290.900155270552,1.2753168333534846,0.10406594573103664,12.254891111541918,1.5816164469085162e-34,3.810727300449376e-33
YGR034W,6729.8920438596115,1.184546880163035,0.10008415335186449,11.835508824244531,2.557875786977927e-32,5.316598862862923e-31
YGR043C,1334.9851047825655,-2.109243732445435,0.12627104717048093,-16.704096304814083,1.2236784286855883e-62,1.0173765865536657e-60
YGR085C,5701.859319070756,1.0241683973009146,0.10091687590389548,10.14863359698376,3.36035201397938e-24,4.2750340384741986e-23
YGR087C,4180.173411212945,-5.191602086105359,0.11287951442695456,-45.99242043572836,0,0
YGR088W,2179.2948763009476,-1.2145850671696508,0.11966714034815312,-10.149695761392831,3.323980257473733e-24,4.2378953477035515e-23
YGR103W,5135.57376968696,1.5561143699123168,0.09167670824899496,16.973933724647843,1.2805907155298598e-64,1.1811448427769942e-62
YGR108W,955.8551760386233,1.9266630139554966,0.11529437431703654,16.710815470124825,1.0933014102722265e-62,9.219654606909933e-61
YGR123C,934.5284506163268,1.3138330372880458,0.11382245021457596,11.542828631884415,8.024234048542429e-31,1.527969470598257e-29
YGR128C,1088.0115939442612,1.3537483413970712,0.10929836046619902,12.385806480745186,3.1193325150758056e-35,7.835497802762758e-34
YGR145W,2545.3611968350815,1.1541116946644026,0.0951080646378153,12.134740613841947,6.912870687881319e-34,1.6193125266096596e-32
YGR148C,10453.25348529371,1.2558482364306651,0.09332251421610376,13.45707675130291,2.797670763628972e-41,9.657690361229135e-40
YGR154C,733.7270480092983,-2.3542577830804094,0.12779488113347523,-18.422160279029544,8.725079251121891e-76,1.144536507097167e-73
YGR159C,8066.685010391693,1.6873460131928533,0.08851951535349904,19.06185326992027,5.238596187251348e-81,7.542300803254806e-79
YGR187C,1133.9155063207531,1.21784945768533,0.10900751981308583,11.172160047064322,5.580699117748936e-29,9.521059795396523e-28
YGR200C,1873.8784492824755,1.1224904268389289,0.09594257753651131,11.699606740414712,1.2804551379078516e-31,2.6063885100241544e-30
YGR201C,570.8851115875212,-1.1260826728769004,0.14498330930823197,-7.766981442552594,8.037861438031776e-15,5.938359958535867e-14
YGR214W,11399.039116266425,1.2695035167625623,0.10814474741889714,11.738929047059111,8.049933679132338e-32,1.6614950527244122e-30
YGR234W,15562.079259525408,1.7068404455581119,0.08346341348208272,20.450163423097035,5.98743068835918e-93,1.039523628040713e-90
YGR245C,5130.595201561766,1.3890144581354686,0.09416731734184579,14.750494092266369,3.054204661279971e-49,1.5409376167124503e-47
YGR271C-A,515.8397416889848,1.2168790242031828,0.13004612685983322,9.357287706959267,8.180977960531104e-21,8.562466826421119e-20
YGR279C,13543.442159847782,1.5815496135423739,0.09419132493844473,16.790820328474382,2.8487989454567714e-63,2.4730088492693122e-61
YGR280C,2307.636185928269,1.4556463882595594,0.0936823078894283,15.53811409063102,1.9153742700353245e-54,1.2028142889381406e-52
YGR285C,8084.623934795278,1.1252628081998874,0.10105393389330763,11.135269700513943,8.448887401755807e-29,1.420905479560243e-27
YGR294W,32.70897929472328,-1.2478845244270391,0.42226480303596375,-2.9552179472575135,0.003124482420742197,0.007035678235399683
YHL005C,16.141949666767182,-1.4170038984845663,0.6106093324471827,-2.320639111108142,0.020306329477081272,0.038235490559237875
YHL011C,2675.1827965709385,1.008685116286092,0.09339268271691328,10.800472659550453,3.424362027205249e-27,5.196403353879842e-26
YHL015W,11392.011868966669,1.290835358623553,0.102351287448028,12.611813596179864,1.8176160904597194e-36,4.8113846555980823e-35
YHL015W-A,63.594455647753556,-1.1124969266992244,0.3083770425271871,-3.6075867307831273,3.0905824320008677e-4,8.446161155602371e-4
YHL016C,775.5032862435771,-1.4114972057645239,0.1181986452821479,-11.941737592636429,7.170929152545919e-33,1.5562498083631822e-31
YHL030W,1357.6503174749125,-1.29701054234925,0.1086411832438407,-11.938479530715004,7.457393937042427e-33,1.6124907110022509e-31
YHL033C,6806.740875445979,2.4777295963332104,0.09701046164707659,25.540849453404046,6.939018959384684e-144,4.0961028917247786e-141
YHL036W,589.2102888677659,-1.648336077457161,0.13413441236506668,-12.288688997801474,1.0418189035347092e-34,2.551807878657837e-33
YHL037C,8.788909621307184,-2.9187504454043407,0.9691045950393652,-3.0118012651521693,0.002597025599930523,0.005925876349590212
YHL039W,900.5569229039205,1.036903625103253,0.11129111755849841,9.317038482951896,1.1963283730351282e-20,1.243296898948303e-19
YHR005C-A,1930.8707651946497,1.0172695300247812,0.09674368681965378,10.515099883686878,7.360277455179888e-26,1.0198994792940583e-24
YHR007C-A,82.93461575904291,-1.177798287202145,0.26986105312107644,-4.364461909491295,1.2743605124810042e-5,4.305981743088362e-5
YHR010W,11284.996204223253,1.1523241017210148,0.11878004554252665,9.701327326974713,2.9760153719798937e-22,3.3718654013046662e-21
YHR029C,842.2167264013508,-1.1077235634877,0.11319441408439462,-9.786026743879889,1.2927644058498792e-22,1.4875610697333016e-21
YHR033W,1475.8538516614508,1.0995830261053607,0.12415467554708247,8.856557526006116,8.252330974226112e-19,7.744596143220466e-18
YHR049W,3168.423165908547,1.3062468302760066,0.10849061848925258,12.040182353697315,2.1847218210134384e-33,4.941154371433841e-32
YHR052W,1713.559991386356,1.3009114617281208,0.09700730938655976,13.410447830731819,5.25207176432667e-41,1.7715988357040193e-39
YHR064C,6781.737560091652,1.025875135856111,0.0984505651843777,10.420205652805114,2.0051914351796585e-25,2.7024303748551425e-24
YHR066W,2274.40941815762,1.1897558109025246,0.09560380407430565,12.444649273347082,1.4953979836290902e-35,3.804885473001086e-34
YHR072W-A,1358.8789480288815,1.0958009041871535,0.10248670912607073,10.692126945350438,1.1080041584801363e-26,1.6433539064091066e-25
YHR085W,599.7743599911137,1.0729950957696437,0.13015662525948377,8.243876127169798,1.6671975702165096e-16,1.370677890945412e-15
YHR089C,6751.87800234536,1.3778076010661926,0.09632169163520392,14.304229687787457,2.0590509419470516e-46,8.80766500747351e-45
YHR136C,83.89146216010032,-1.5319353762650443,0.275075190422146,-5.569151379715667,2.559830158574047e-8,1.16415080324057e-7
YHR140W,86.19540008526222,-1.263258683775483,0.2667792838836012,-4.735220311659044,2.18817272106639e-6,8.133994692981677e-6
YHR141C,6778.103154905528,1.0289363933643854,0.10564829152705114,9.739262022054822,2.0503792669833353e-22,2.3365615469117044e-21
YHR143W,3370.227355749927,1.0307595579264737,0.094201113000776035,10.942116553527157,7.248758009752835e-28,1.129008404526939e-26
YHR147C,496.3026477137731,1.005750369936222,0.13054968512760598,7.7039662635198995,1.3190668672376858e-14,9.565665500373537e-14
YHR148W,712.6417708010088,1.2356507536433203,0.12133009779709769,10.184206359989252,2.332553722673061e-24,2.9932749184650174e-23
YHR152W,1307.0629864821494,1.2587864687394745,0.10507555755522019,11.97982193030902,4.532962909833013e-33,1.0021752830241302e-31
YHR169W,1095.2529358359764,1.4059424728949617,0.12370892758146466,11.364923295201326,6.251935890623832e-30,1.1496940050577099e-28
YHR170W,2746.016282592245,1.370316251248546,0.09503316513580098,14.419347701303902,3.910205628822904e-47,1.7619804448047026e-45
YHR176W,1780.2099927659872,-1.4290330428452966,0.09830671827565762,-14.53647388409617,7.116514067127587e-48,3.3340303601789005e-46
YHR183W,23123.370661086352,1.3219028707765224,0.10596638063980308,12.474738334886464,1.0254249672724965e-35,2.6203825029478557e-34
YHR196W,1959.5441362507452,1.0433397023480184,0.09431797818278195,11.061938799473582,1.919038721203678e-28,3.1293054064268812e-27
YHR199C-A,285.9807619668643,-1.2131324187702246,0.16384167776384112,-7.404296851249382,1.3184719373959606e-13,9.039419101566035e-13
YHR203C,10138.954857565908,1.1530067672989015,0.10671521452530763,10.804520915107796,3.2766295871815984e-27,4.985037230188911e-26
YHR216W,5164.5989241958505,-1.054781797714361,0.08756550995101951,-12.04563073182994,2.045061411064688e-33,4.64307596519802e-32
YIL012W,14.567679482540498,-1.7439730898593475,0.6506451360314693,-2.680375204979628,0.007353967955387666,0.015285377760793447
YIL019W,856.7482472037003,1.262242878175526,0.11928019421720522,10.58216652361434,3.605238146748086e-26,5.079169637292113e-25
YIL026C,2024.1590556691613,-1.059027739306391,0.0962018712810093,-11.008390223646805,3.4816895455709894e-28,5.5697597256112606e-27
YIL029C,45.175299891225706,-1.6176033333826123,0.37570034403376545,-4.305567878950979,1.6655790699388067e-5,5.557893301214684e-5
YIL037C,69.71317579223067,-1.1292559668668913,0.3031268938473135,-3.7253572341743557,1.9503881409095448e-4,5.519243142756013e-4
YIL047C,6376.015218421661,-1.1348862287609431,0.11236509257839485,-10.099989264629992,5.524823713995328e-24,6.880387000783633e-23
YIL052C,6724.252044534362,1.0315463767125885,0.11295992996150833,9.131967212303453,6.726569038579526e-20,6.662237757505862e-19
YIL064W,620.6216212937064,1.1017416012499572,0.13674942163813578,8.056645417962857,7.841669425464486e-16,6.180156824902117e-15
YIL066C,248.10981099244793,-1.0101046430743268,0.16721228142074557,-6.040851990606271,1.5330255847448542e-9,7.82147798336117e-9
YIL069C,5123.358729601552,1.0200708924483342,0.09290359278796693,10.979886372924598,4.775240652056187e-28,7.597909856896946e-27
YIL074C,10488.736090786893,-2.0225053191318567,0.0846512411637155,-23.89221104532102,3.690490347561484e-126,1.2814685012738495e-123
YIL079C,487.1824073992657,1.090669930008675,0.13311145176219844,8.193659640623109,2.5340098014180914e-16,2.0689156096502066e-15
YIL088C,3713.5009979815422,-1.0835939126967191,0.09362530603882234,-11.573728925888902,5.599499248850335e-31,1.083732592326673e-29
YIL089W,117.13851277012273,-1.0981792817860971,0.23241010460510836,-4.725178725133448,2.2991305697374544e-6,8.508945299786955e-6
YIL091C,2084.0689454873286,1.0252611848737687,0.09644830409306643,10.630162909701943,2.1573530142071747e-26,3.0985048279476767e-25
YIL094C,6513.103822661646,1.678225627763288,0.09414260837649276,17.826419478965043,4.407600750661064e-71,5.101581810029855e-69
YIL096C,278.18354507308186,1.2362717370109078,0.16310441369600437,7.579633861503487,3.465314993988049e-14,2.452728346464203e-13
YIL111W,594.1362097797371,-1.1822107964723412,0.12734625680118422,-9.283435777135049,1.640997561863996e-20,1.6875973184117016e-19
YIL113W,126.48795240459822,-1.0217973863080367,0.22456196985874993,-4.550180010225017,5.360004137873864e-6,1.901448583285422e-5
YIL116W,2493.3850975221776,-1.044915794659154,0.10381135533687474,-10.065525021500132,7.846753779830397e-24,9.730963773600595e-23
YIL121W,1971.1654354104771,-1.2726324851473334,0.09912701495605011,-12.83840218240789,9.99153623288553e-38,2.8492772165566807e-36
YIL127C,772.6576765151273,1.1847181331806245,0.11878233500728583,9.973857923469485,1.9837040389433837e-23,2.404477400797288e-22
YIL133C,5506.365895106851,1.1414774491411241,0.09524192381532928,11.985031416988264,4.256829321016258e-33,9.446640406751492e-32
YIL140W,3135.6410166176197,-1.0801491106232948,0.09249745076319688,-11.677609509353822,1.6589551075837682e-31,3.365227491431953e-30
YIL148W,6050.774216070857,1.1371051427694343,0.09871156654087543,11.51947216133553,1.0525378329891845e-30,1.9850258236853536e-29
YIL158W,774.1523226261359,1.7808843806920782,0.12139157794317426,14.670576088283031,9.949670658636452e-49,4.853959165118263e-47
YIL163C,90.68969594930891,-1.3737237730910052,0.2665944724704636,-5.152859173564456,2.5654462099703573e-7,1.0531174532305298e-6
YIL164C,1334.1388100013132,-1.6008791125954631,0.11677716514398025,-13.708836917060466,8.988716850775578e-43,3.3582528841853313e-41
YIL165C,651.0067874041705,-1.7381400427256481,0.12551403681344891,-13.84817257777343,1.304897191460789e-43,4.969553626576154e-42
YIL166C,143.38247244948352,-1.1636415467460088,0.2136383053348607,-5.446783267270797,5.128889473151001e-8,2.2678527760307385e-7
YIR013C,26.262733129832288,-1.6182726811448063,0.497326252456665,-3.2539458215828168,0.0011381398368795932,0.0027737407688712026
YIR017C,1587.984034043629,-1.0567648215588907,0.10166453709137883,-10.394625813414583,2.6231450172874817e-25,3.511207491394105e-24
YIR018C-A,56.44409942435381,-1.086076722730957,0.33144550102775233,-3.276788248334131,0.0010499507982706237,0.0025727935085892452
YIR018W,528.0180016270527,-1.0645915462049031,0.12864984611725433,-8.275109363400333,1.2833777132455669e-16,1.0640138541135647e-15
YIR026C,831.4700426121548,1.3561606387169305,0.11896490702038072,11.399669639422296,4.1970869547282974e-30,7.815584950713292e-29
YIR027C,260.34349175872126,-1.653567649702134,0.1705055386715561,-9.698028947243717,3.0737910899467844e-22,3.469328643203799e-21
YIR029W,857.026750945077,-1.4987846482739948,0.1156420346276525,-12.960552389966365,2.0476762487517817e-38,5.983877671476122e-37
YIR031C,1664.299460062974,-1.132260026647298,0.09961146984121332,-11.366763571024388,6.121550251240422e-30,1.1292347229085065e-28
YIR038C,2266.0204524805545,-1.1825490327458046,0.1045109214873056,-11.315076127134164,1.1050634876135697e-29,1.9887773681045431e-28
YIR042C,1736.5833972398143,-2.395038536711957,0.12512873865488922,-19.14059521783867,1.1593805938649369e-81,1.7109559113961806e-79
YJL010C,942.0244129231842,1.1545786301814205,0.11619525326323034,9.9365386946213885,2.88684085662224e-23,3.484871488065661e-22
YJL033W,2692.034398716404,1.493337939208662,0.09203434269037343,16.22587716231782,3.3095562770094876e-59,2.4420388378983755e-57
YJL043W,30.759175493555695,-1.9307198474962997,0.4659117332175475,-4.143960561291105,3.413584758184021e-5,1.0892103150032581e-4
YJL045W,269.9004298711977,-2.15953900258428,0.18226649120645141,-11.848250264159592,2.197308951570699e-32,4.583291427958246e-31
YJL050W,3713.069968740168,1.2302388479514554,0.08713982028281045,14.117986977236598,2.942778890972123e-45,1.2063349856533642e-43
YJL051W,761.332252692838,1.345820156116147,0.11906261857609446,11.30346511954141,1.2614048184326251e-29,2.236057850813149e-28
YJL052W,3576.3174617874747,1.4218433407347613,0.1176949530206564,12.080750314630878,1.3349595614327057e-33,3.0662514751506855e-32
YJL060W,5901.563524174899,-1.722623947450873,0.08852549213244035,-19.459072250891378,2.4416472534763368e-84,3.7929062466502146e-82
YJL077W-B,63.19741098330902,-1.1402239762348698,0.3050519546273876,-3.7378025576909395,1.8563563337388805e-4,5.28864451643852e-4
YJL088W,2015.7131884532155,-1.8575564727716365,0.11105170164438422,-16.726951908580425,8.339851526486737e-63,7.134803414616117e-61
YJL101C,3594.772190251806,-1.090060581272686,0.09519647714170296,-11.45063991864002,2.3341598218822142e-30,4.3741414058954636e-29
YJL109C,2416.107734467766,1.0110987474554907,0.09536789796467708,10.602086960435967,2.9140372064469905e-26,4.13658008948821e-25
YJL122W,1325.6489566181474,1.432230238369564,0.11202407742178841,12.78502150012796,1.9880782239171453e-37,5.535672526312693e-36
YJL136C,6864.29848772831,1.3459820656833135,0.12311739375108113,10.932509409715262,8.058849137544199e-28,1.2518785910243001e-26
YJL148W,2165.550151203025,1.241693845420567,0.10367599885414429,11.976675982330622,4.7082572857581944e-33,1.033191180588499e-31
YJL153C,20748.460344296895,4.772481380533507,0.09762173284067922,48.88748889883259,0,0
YJL157C,2429.442997824012,1.0500515769799477,0.09822663672933395,10.690089897645505,1.1326114442981212e-26,1.6756404400230097e-25
YJL160C,108.06808859051478,-1.3239706023812805,0.24237959804921472,-5.462384676916788,4.697807143738219e-8,2.0834827625459585e-7
YJL163C,337.7079753775592,-1.182833754268884,0.15365566420691423,-7.697950871996937,1.3826550635931846e-14,1.0002221618125698e-13
YJL172W,8800.293974351314,-1.3292900850203972,0.09138000216958564,-14.546837967386589,6.116566716118474e-48,2.8884874660197878e-46
YJL187C,2475.2522789103955,-1.071654389019793,0.09416247561359443,-11.380907118642874,5.2055428835282205e-30,9.632702081964604e-29
YJL190C,7252.231867159394,1.1834380920261653,0.09573283698494706,12.361882602646029,4.201990517725241e-35,1.0465970475161223e-33
YJL199C,194.20954673229159,-1.1395592233122525,0.1883301227516071,-6.0508600889898165,1.440745363513457e-9,7.382569340989528e-9
YJL200C,7051.189192328713,1.3864152844447228,0.0845678125372373,16.394124937714924,2.1065220180431339e-60,1.657973263001149e-58
YJL208C,951.8047238752902,1.2687486544412594,0.10985010100305714,11.549817823162037,7.397707815990986e-31,1.4132255416762067e-29
YJL212C,2783.456202807747,-1.3228123832363552,0.10857940137562189,-12.182903630682121,3.8338523557530248e-34,9.088847572694823e-33
YJL219W,71.02635306289606,-1.0918502701731359,0.2924414911506322,-3.733568263098276,1.8878599614003715e-4,5.365448893667016e-4
YJR002W,2790.123660626032,1.2733998025706676,0.0906983012519252,14.039952071799558,8.877264854410984e-45,3.5407090834856783e-43
YJR003C,440.68999032249377,1.136345846575657,0.13666266431166588,8.314969214884943,9.177608992754635e-17,7.695372994919121e-16
YJR009C,28895.98343136644,1.2630682028225964,0.11594005613457736,10.894148622426838,1.2291070272350336e-27,1.899324288421048e-26
YJR010W,23583.656281199346,-2.1232644217909717,0.09683526069782881,-21.926562767425672,1.4497382485858916e-106,3.056358886215185e-104
YJR063W,578.6404753291004,1.1784931203354638,0.1259837066764579,9.354329630592497,8.413152265995339e-21,8.789882801092122e-20
YJR070C,3900.063591610546,1.3019173767091428,0.10777995722551852,12.079401497488202,1.3570388228826415e-33,3.1048837873938886e-32
YJR073C,17709.835838815743,1.4209843249478196,0.10490518002504903,13.545416199738849,8.433454234427199e-42,2.9989566473387803e-40
YJR077C,8739.466576994611,1.1474327736592511,0.09457580035130599,12.132414099558888,7.112139789864676e-34,1.659405580220205e-32
YJR092W,1910.776535706583,1.5476995259788313,0.09919455651364499,15.602665916107332,6.981674194209823e-55,4.479654648741368e-53
YJR094W-A,6975.72441476209,1.4426546271412795,0.11144821792011382,12.944618173934154,2.5201309249641167e-38,7.328242783282356e-37
YJR105W,9483.798699933152,1.0879177784328409,0.10728095718070098,10.140828410026051,3.639995214087811e-24,4.6208369352172793e-23
YJR108W,24.501998080319968,-1.118613334743561,0.47968937480307244,-2.3319535380636416,0.01970313552146789,0.03726613552810796
YJR123W,26194.319265833346,1.3010588638030531,0.09217917966318384,14.114454788565375,3.093995391847525e-45,1.2595761929707544e-43
YJR137C,19320.38056882217,-1.3023987658469771,0.09215306419866934,-14.132994677628782,2.3781220905808432e-45,9.88595401457656e-44
YJR139C,9262.202735489884,-1.110444203380109,0.09565691846199598,-11.608613587330675,3.7260799037361687e-31,7.283129030382319e-30
YJR145C,16328.687481443041,1.1546560364522962,0.10288363240600167,11.222932253167025,3.1466088058646883e-29,5.447047443114151e-28
YJR150C,19.9746746463885,-1.2494504174109482,0.5341378320812413,-2.3391910146909596,0.019325549907962137,0.03659888389692027
YJR152W,784.3405339575576,-1.7475458418673482,0.12007479726047661,-14.553810472620837,5.523843794156478e-48,2.6296169287827167e-46
YJR159W,61.49111297546976,-1.4813621673325015,0.319075000833691,-4.642676999018862,3.4392378958336024e-6,1.2439841482295193e-5
YKL001C,10878.411067586547,-1.4380207860420338,0.08359715436423601,-17.201791101363593,2.574489626983502e-66,2.532868711347269e-64
YKL006W,7905.555042736849,1.1499975952688868,0.09247715265055122,12.435477978160177,1.6773444891796778e-35,4.249512669368085e-34
YKL009W,2156.6023953646527,1.4627837720923824,0.09442022613041114,15.492271434215988,3.912205723579914e-54,2.4055989985721076e-52
YKL056C,14968.842210722953,1.3512038498164574,0.10524269395808127,12.838932556730724,9.923326863536628e-38,2.843563032789161e-36
YKL065W-A,26.177344739288397,-1.1835535093119527,0.47366238622307705,-2.4987280893242465,0.012463990471068553,0.02476436746910726
YKL068W-A,1330.0813068882867,-1.0668652823720142,0.10335365826330216,-10.322472375908406,5.5768291442285255e-25,7.364658263619908e-24
YKL078W,527.8428569354844,1.4825238559631566,0.13445489326145071,11.026180007300693,2.8574608469499525e-28,4.583584614006949e-27
YKL081W,12079.275185267372,1.0212580017342168,0.0871175269258666,11.722761627557047,9.744277689072139e-32,1.9972385832844736e-30
YKL096W,3388.560398096281,-1.0003005682442787,0.24868443031827284,-4.022369100325532,5.761567564596901e-5,1.7732290580717156e-4
YKL099C,783.8527323142075,1.1029638264628334,0.11649575798238601,9.46784540111409,2.8567524978139112e-21,3.043936822129155e-20
YKL102C,213.30181882335205,-1.2197796876721032,0.18307964428784684,-6.662563128833184,2.690926683607178e-11,1.5665227034845338e-10
YKL103C,3491.2823427957796,-1.4317867377319207,0.11118810353216563,-12.877157647694915,6.052372572620457e-38,1.7427880632282225e-36
YKL110C,762.0563938471942,1.016296697749499,0.12550170624892978,8.097871559879016,5.592907178410079e-16,4.4614771721830674e-15
YKL120W,976.4723712214632,1.0367383132602588,0.10820621753379406,9.581134401417122,9.59848117626602e-22,1.0512028642578537e-20
YKL143W,2245.703910296499,1.0587540547834906,0.09850228777308659,10.74852248327952,6.021847636256184e-27,8.97650671636875e-26
YKL164C,14261.128078957625,1.2503652300614214,0.09365889719041315,13.35020235738381,1.1812759247700321e-40,3.9395885784844634e-39
YKL172W,6139.42236874841,1.0863904068357488,0.08593488624121884,12.642018327530636,1.238338067180106e-36,3.2927520768307054e-35
YKL181W,3736.146704817259,1.0934493884855832,0.09367060436822154,11.67334614589659,1.7442501343909572e-31,3.526133062777336e-30
YKL182W,19616.293739715307,1.1065790369233828,0.10251535035730118,10.794276496803406,3.6633641289449846e-27,5.544830372605703e-26
YKL185W,1666.7908593867735,1.300732740282817,0.10874462487424956,11.961352037279656,5.6632241652101424e-33,1.233579787720866e-31
YKL201C,5905.9601222168985,-1.1735665532048498,0.09172583972122103,-12.794285195661631,1.7646869091523066e-37,4.9369416230929225e-36
YKL220C,206.04809567471318,-1.3932068416646375,0.18997236763883596,-7.333734158187251,2.2382687570492116e-13,1.510000054041314e-12
YKL221W,66.40099614539116,-1.2959658411178572,0.3030688317154246,-4.276143586862612,1.9015860189737016e-5,6.292075263453902e-5
YKR024C,1802.7266486870917,1.0812918798849749,0.09851024723947675,10.976440626084031,4.96087040951645e-28,7.8720478568214e-27
YKR034W,1386.0765167917457,-2.075106535608005,0.10722281846584851,-19.3532175827755,1.915052375738952e-83,2.89860363435565e-81
YKR042W,9090.131180047712,1.2611610193237957,0.11820900871673744,10.668907835492453,1.4228897981283868e-26,2.0841981335860713e-25
YKR056W,1475.9045494829988,1.0606603082792936,0.10603871869152182,10.002575675823374,1.484839177749707e-23,1.8147009660986587e-22
YKR057W,7063.933517461514,1.4355162181345682,0.09773059608426407,14.688503658535502,7.638190935063586e-49,3.788927822662214e-47
YKR058W,620.4059136383547,-1.0858685321193775,0.1282753281519705,-8.465139382320862,2.558465380412449e-17,2.2112183221924874e-16
YKR059W,2294.8527213181815,1.2904461892918306,0.10152472506559339,12.710659284800776,5.1597584387068724e-37,1.3971584432883792e-35
YKR069W,7366.816780577618,-2.3174819975439425,0.09565619448816205,-24.22720253449705,1.1500917723018343e-129,4.525994487931819e-127
YKR080W,1495.4284741137772,-1.496302340695333,0.11025953465228218,-13.570729691669003,5.972448711312049e-42,2.149717362370428e-40
YKR081C,1966.7118211696427,1.3292351017444997,0.09719837031047124,13.6754875364541,1.4225065379966791e-42,5.215562791176644e-41
YKR093W,1642.87120635047,-1.0012059171711927,0.12372323084630085,-8.092303363908858,5.854687087432517e-16,4.66399701445535e-15
YKR094C,5368.935244910282,1.1373065501057629,0.09753970934445597,11.659933761842872,2.042011861606205e-31,4.0861003454445524e-30
YKR104W,63.339987459937326,-1.0199789411727154,0.30658859598930116,-3.326865234114282,8.782883837638263e-4,0.002186645436253845
YKR106W,118.23827123978616,-1.4987364383994028,0.2406365868219467,-6.228215161264555,4.71778867539808e-10,2.513457269934555e-9
YLL008W,6335.602807289161,1.1770067629348901,0.08894917708724374,13.2323513435144,5.707349851459134e-40,1.801630276639747e-38
YLL011W,1552.2244365569068,1.0387270510853441,0.09820586793785159,10.577036514179479,3.808128570375246e-26,5.339520890956075e-25
YLL034C,1740.168251275898,1.0858631424324596,0.09813222999670937,11.065305888482015,1.848311714484955e-28,3.0223224516910498e-27
YLL039C,13166.762243479328,-1.276391730914212,0.09178309387216989,-13.90661043407292,5.775217744768563e-44,2.2281771468868517e-42
YLL045C,17401.45805058811,1.5530233487086518,0.10280312867986469,15.10677124958777,1.4612638020126803e-51,7.986889095630418e-50
YLL046C,25.178967039291855,-1.5430778336071143,0.48827810530991345,-3.160243756225179,0.001576371968843519,0.0037385792414958994
YLL052C,380.9877769739735,2.112163158073357,0.18529202444289067,11.399104545508122,4.224417003078392e-30,7.841740116091746e-29
YLL053C,300.86780519602485,2.2535038481851357,0.18298662717706402,12.31512861322139,7.509536641668747e-35,1.8547612885259673e-33
YLL055W,2836.574249493175,-2.5441978795872173,0.11515888132850766,-22.092936734332444,3.695720704804405e-108,8.079940489059409e-106
YLL056C,378.14489012356967,-1.547106176497258,0.153005536706541,-10.111439166182274,4.9156798658946416e-24,6.160776698169017e-23
YLL058W,1111.7685180157873,-1.8995581438070714,0.11249429307299585,-16.88581786610701,5.721786459820191e-64,5.041150070495312e-62
YLL060C,906.207010393691,-1.873378644000528,0.11533417262394,-16.243049231461427,2.501736085421689e-59,1.8933010400313118e-57
YLL061W,3771.115896990346,-2.473567425498338,0.10039944686169326,-24.637261487165734,5.039886658134035e-134,2.479204245247101e-131
YLL062C,1954.5309326609781,-1.8545666550774171,0.10698903604352294,-17.334174824446336,2.5976849547213977e-67,2.690198997845686e-65
YLR002C,1676.135936788221,1.1411519027582568,0.09887311087896064,11.541579835140842,8.141599938578138e-31,1.5403802704303447e-29
YLR003C,598.0045542557694,1.2577294796811511,0.1250820469030627,10.055235829774023,8.711261060693172e-24,1.0780413845130356e-22
YLR009W,1939.2265432305787,1.3117923618864558,0.11582794279734432,11.32535319375915,9.828192837971785e-30,1.7906118000786249e-28
YLR029C,33585.648043643174,1.319206183345802,0.08294198558930742,15.905167617736286,5.834693661098911e-57,4.149662250779141e-55
YLR044C,108170.14677553826,2.037577300185115,0.11139695149106262,18.2911405825014,9.73565539031049e-75,1.222756888702188e-72
YLR048W,10531.460484902245,1.062927225839615,0.1016010813314928,10.461770799186805,1.294141139610891e-25,1.7683599877599744e-24
YLR053C,72.85830501036993,-1.2497827075737713,0.28778443877734666,-4.342773754145561,1.4069500432946418e-5,4.7350205847025486e-5
YLR058C,21599.451212250646,-1.7160368208035983,0.09568632380180435,-17.933982126411667,6.402542338677947e-72,7.873793213586651e-70
YLR061W,6986.647270962028,1.5642866276368148,0.11799596276351465,13.257119913262875,4.103549379050238e-40,1.3023253755125566e-38
YLR068W,848.3846181756015,1.0790442038546115,0.11827733739639266,9.12300046321064,7.307265876841329e-20,7.21317566404588e-19
YLR069C,2870.181645964827,1.220056178689903,0.0926944765978775,13.162123823005,1.4495322829412743e-39,4.4798895634567236e-38
YLR092W,4972.926077210839,-1.0950644321912404,0.09186395109625009,-11.920502211404896,9.254896621299675e-33,1.9866056274738903e-31
YLR106C,6678.858639549757,1.128020203761992,0.10622970444405304,10.618689091393222,2.4396299212800097e-26,3.4869577301007017e-25
YLR111W,48.85148986100434,-1.1243697281727432,0.34361584861438826,-3.2721707473817094,0.0010672510008603296,0.0026119331086561053
YLR112W,167.0408680908246,-1.411970699324748,0.20261522814049848,-6.968729410336582,3.19816141071222e-12,2.010516166925904e-11
YLR129W,3161.4589144314878,1.0291989349453026,0.09668702572681431,10.64464365522285,1.8468957212451882e-26,2.665580792789816e-25
YLR131C,1313.0546137376075,1.0982937668494075,0.10359257504871171,10.602051028589294,2.915157237382848e-26,4.13658008948821e-25
YLR142W,1567.6503385612637,-1.1509544510063976,0.10065061589252883,-11.43514563522737,2.7906807152595374e-30,5.21309755132185e-29
YLR167W,26271.384802080745,1.438048533151177,0.09739648642406507,14.764891280470863,2.46719808374025e-49,1.2555060593378187e-47
YLR172C,1675.5229782436372,1.106917600080084,0.10505481504860625,10.536571784624442,5.859611272646827e-26,8.138655374690404e-25
YLR175W,9335.862910862501,1.2247429259388576,0.08934639736969748,13.707804253943413,9.117546415867513e-43,3.384960785714839e-41
YLR178C,2254.8139981127224,-1.2520656919846902,0.11287120656310236,-11.092870627591846,1.3585683209065529e-28,2.2401197760646318e-27
YLR185W,3537.437503778427,1.041984636191662,0.10945070726820826,9.520127025203093,1.7296750515421176e-21,1.8700131555408646e-20
YLR190W,1945.26604949973,1.4204381556699222,0.09660929654619148,14.702913761418113,6.174466142675202e-49,3.0888028508653997e-47
YLR194C,13684.738212057506,1.1936966982089194,0.10566570268617564,11.296917238644285,1.3590542459146875e-29,2.39477528765206e-28
YLR196W,5011.742618703703,1.3253560895604686,0.08719568237771048,15.199790326995188,3.547546897088834e-52,2.0135739743764795e-50
YLR197W,7134.283947497801,1.230121408029121,0.08780071138554536,14.01038087980271,1.3468072908328986e-44,5.300135625191067e-43
YLR221C,1454.6644467166398,1.0421851679436116,0.10513417039312807,9.912906184987905,3.6584661971388384e-23,4.398355593016408e-22
YLR222C,1414.895539126044,1.3573897773720502,0.10211797430277303,13.292368817926993,2.5633271466125273e-40,8.31391216838118e-39
YLR249W,55999.69054610212,1.013891164474504,0.10513232667416597,9.643952498234267,5.2140792139131295e-22,5.8293010605547734e-21
YLR255C,48.629170601254636,-1.1507784740039988,0.346056383029414,-3.3254074493004953,8.828940685717168e-4,0.00219583651452472
YLR262C-A,2327.3480417783585,1.174828230133905,0.10585966520835817,11.097977948650703,1.28314029456256e-28,2.1216742741744517e-27
YLR264C-A,435.78014613418253,1.1088473856027332,0.13918593787132572,7.966662455713291,1.6301714109818318e-15,1.259542125526931e-14
YLR267W,178.2728199967967,-1.1657487708272103,0.20324532621949412,-5.735673201007652,9.712577884544567e-9,4.5866677801973265e-8
YLR276C,2538.6145769620816,1.1946073297563202,0.0985083816830988,12.126961273197734,7.601821313632902e-34,1.766675244660434e-32
YLR286C,7885.8594831367,1.208749949369463,0.08644885581075865,13.982255034300092,2.0004749052930683e-44,7.820399580096014e-43
YLR303W,42166.93770489537,-1.4247802385460833,0.09709526315812617,-14.674044770090719,9.453751167347662e-49,4.650457761737772e-47
YLR312W-A,710.9310534105327,1.162410953699266,0.11916185647427908,9.754891272193051,1.757889442722484e-22,2.0071221238666968e-21
YLR325C,8193.347611356583,1.2624596111731912,0.09498718972894728,13.290840741532724,2.6162195821734204e-40,8.439095187743005e-39
YLR336C,1420.4572349392677,1.0326054770003503,0.09994371864456675,10.331869686304552,5.05652295959849e-25,6.692523549441678e-24
YLR340W,18827.00986224632,1.4161993712196708,0.091099669757711,15.545603787436328,1.704089991090714e-54,1.081639055635321e-52
YLR343W,362.9867731898398,-1.2534634275902032,0.14744048635798146,-8.5014873360281,1.8717680085786455e-17,1.639324414634977e-16
YLR344W,5232.809845267114,1.0148695238776981,0.11381539260922378,8.916803787359175,4.799389564022464e-19,4.547479389474254e-18
YLR363W-A,320.6341918123625,1.0643579972668622,0.1522792753541225,6.989513148074275,2.7584176488180685e-12,1.7433553941084647e-11
YLR364W,493.04207251660665,-1.2827865304475856,0.13466357600431955,-9.525861175752812,1.636791202789314e-21,1.7728400862505175e-20
YLR367W,1351.228540892437,2.533825853568916,0.10872046378712015,23.305877893698725,3.8647977142749306e-120,1.1406950453682457e-117
YLR385C,68.14511211494036,-1.1191890977194678,0.29710705318297004,-3.766955667088212,1.6525033144793044e-4,4.7445170551416995e-4
YLR388W,3344.4558814101065,1.3333915000446508,0.10195630052555042,13.078068674240496,4.394645362602998e-39,1.3168320596672842e-37
YLR401C,2284.29631001062,1.247732379207364,0.112091709454412,11.131352936631055,8.82852239568e-29,1.4805331733437226e-27
YLR406C,6914.899610916991,1.111192664385892,0.08669047925556965,12.817931956634103,1.3012503850919687e-37,3.6752540780851156e-36
YLR409C,2559.900712315635,1.1745706796319972,0.0911352923692885,12.888208827734156,5.244782176097503e-38,1.5176445679168414e-36
YLR435W,926.5482474107743,1.2930159867933635,0.11086139458318559,11.663356677541525,1.9615389563463777e-31,3.9518650031783844e-30
YLR441C,11809.904778421513,1.2671180859800564,0.09274040778394518,13.663063558357724,1.6873287938013636e-42,6.148334487536697e-41
YLR448W,4502.860421932515,1.3206030123090302,0.0857975371008546,15.392085331734728,1.8497351152837235e-53,1.1029279177292746e-51
YLR449W,5720.252587670345,1.0798387742889317,0.08514965235454348,12.681658050613436,7.47340551618095e-37,2.005250580091643e-35
YLR462W,32.02524292930113,-1.3450873806880128,0.44053397428125324,-3.053311343086695,0.0022633098319288824,0.005233183681110925
YML018C,3535.6475383480283,-1.041508113141791,0.10673664150531806,-9.75773734729979,1.7092604984129533e-22,1.9553807601030353e-21
YML022W,1534.80484606454,1.1541641877741307,0.10832039938260003,10.655095386950068,1.6507535081489325e-26,2.394200972629766e-25
YML024W,7736.731056693374,1.0514114717215222,0.10099297615741634,10.41073856544936,2.214965062954757e-25,2.9783459605061346e-24
YML026C,8271.220755435803,1.0998228991145944,0.09432097606415339,11.660427457478159,2.0302058849298028e-31,4.076294332904975e-30
YML054C-A,57.65757946178853,-1.6240979078022417,0.3367430580457538,-4.822958837600071,1.4144416867492404e-6,5.390219029619604e-6
YML058W-A,205.51187764221834,-1.4289999040968626,0.1924787889112812,-7.424194178380498,1.134685922904833e-13,7.806586250474627e-13
YML063W,13015.487617954293,1.200824119022099,0.09192407972049095,13.063216109134691,5.342228055272915e-39,1.5926854651654552e-37
YML070W,3764.5820496880865,-1.1144703617909413,0.09077425104319113,-12.277384269033154,1.1980953255594356e-34,2.8985068470398967e-33
YML073C,7274.832363460982,1.1259841774625603,0.08378539005694648,13.43890834305673,3.5767418511868144e-41,1.2275294853230096e-39
YML083C,122.3968642376161,-1.2853119446326622,0.23004408363383091,-5.5872419074186555,2.3070425629487362e-8,1.0573348019477011e-7
YML093W,5470.136290691606,1.195774539446021,0.09104744358046227,13.133532281873102,2.1155350677284746e-39,6.404104361436505e-38
YML119W,919.4500562952137,1.0821641558410666,0.11069647933251174,9.775958209027097,1.4279960000668507e-22,1.63997283820907e-21
YML128C,4652.705144973903,-1.3962665701362968,0.11435163712373415,-12.21028929061564,2.73913495077757e-34,6.51980387679032e-33
YMR001C,1226.0383968903493,1.2081976284596883,0.10423525780710154,11.591064807414655,4.574104286829092e-31,8.911200529753178e-30
YMR001C-A,68.56567226435497,1.3780248991861541,0.3205660926720181,4.2987231983891,1.717848514276772e-5,5.712935087197625e-5
YMR008C-A,60.99303421138879,-1.284417778590511,0.314125738904537,-4.088865124741805,4.334887991228299e-5,1.359662264198759e-4
YMR009W,1279.9120687386019,-1.0950738712950727,0.10223523003473639,-10.711316157091838,9.00720457179721e-27,1.3392828359526179e-25
YMR018W,34.77282130675549,-1.1113832450969507,0.4038476926370793,-2.7519861209054954,0.005923503130920165,0.012586911080569377
YMR024W,1132.1159642331863,1.1124816906303092,0.10636057067552172,10.459531042045645,1.325098699623432e-25,1.8064798207568406e-24
YMR032W,971.208831943513,2.1515811177814594,0.11364687717835623,18.93216224854811,6.196591787016e-80,8.709162218751298e-78
YMR049C,4432.1117552122305,1.447429652370311,0.09101948786402703,15.902414816183207,6.096857617618822e-57,4.2844941091433215e-55
YMR090W,1641.3384866807037,-1.3678158256157742,0.09957606699765473,-13.736391352432003,6.146384639503572e-43,2.310962326559846e-41
YMR116C,20076.94635604758,2.433138148402832,0.1203227619305162,20.221761114558827,6.299377508619328e-91,1.032922928704997e-88
YMR120C,8567.445508778668,-2.2462490619427724,0.09265071325042175,-24.24427166439053,7.599192347868914e-130,3.204145173533586e-127
YMR122C,104.43109819328365,-1.2422514072446502,0.24607788404330055,-5.048204197928085,4.459823261957937e-7,1.787259790586402e-6
YMR131C,2424.3299610001786,1.2772462612692814,0.09479667073270281,13.47353500283485,2.2388507220586237e-41,7.853363533849441e-40
YMR142C,9820.215318056818,1.3175619076066192,0.10758651322496544,12.246534143657692,1.7532997145354413e-34,4.1901733663573723e-33
YMR143W,6562.372168507416,1.0537331723050876,0.09433287213301683,11.170370926682272,5.694259041324565e-29,9.68680435761928e-28
YMR170C,625.0082313106049,-1.11757857540807,0.13127972076389188,-8.51295667682024,1.6955343502563617e-17,1.4916153903969153e-16
YMR174C,446.4369309304714,-1.245345555147272,0.1381979883993365,-9.011314633239994,2.0360099014239994e-19,1.960614428728527e-18
YMR189W,6092.238549582538,-2.977804390424438,0.09590446550129754,-31.049694869360902,1.1517286287641983e-211,1.1331090159325105e-208
YMR193W,887.6932131921849,1.0116102693636593,0.11444109331448846,8.839571871126012,9.608608401199027e-19,8.97462268865156e-18
YMR196W,6024.483815928038,-2.4500548256474275,0.10388100429060698,-23.585205422094322,5.467428259719692e-123,1.698643632480281e-120
YMR217W,5504.471066630017,1.3924034181534477,0.09425068843023754,14.77340315857827,2.174500070732405e-49,1.116180340655077e-47
YMR229C,3510.635219807412,1.4097199689126807,0.09346740945535412,15.082476096505609,2.1119750835046308e-51,1.14376045118604e-49
YMR230W,3523.9447759438135,1.154708413163839,0.09916548601766613,11.644257085152892,2.4545119203636234e-31,4.8620751227874054e-30
YMR239C,987.3667823628989,1.0385600682985365,0.10918665148407314,9.511786048773823,1.8741666070325297e-21,2.0225238539877557e-20
YMR241W,4328.560598027653,1.1868734931758147,0.08835294002688596,13.433322001674727,3.857125827497841e-41,1.3161048416022979e-39
YMR242C,5827.392896049452,1.1757938593823625,0.09212706971411008,12.762740235102465,2.6472204730108107e-37,7.302122641206924e-36
YMR246W,4123.623978149037,1.1472341660824545,0.09004748464889804,12.740324402792675,3.5292427496561266e-37,9.644962940379682e-36
YMR259C,672.6565419698409,1.0057754535814034,0.12659193744510863,7.945019832068819,1.9415971957563846e-15,1.4884737982532386e-14
YMR260C,4945.116049803165,1.1824565562561742,0.09080969634357897,13.021258784770556,9.263115780092115e-39,2.7204065895464556e-37
YMR290C,2050.1600467890376,1.608017076832508,0.09512063877243009,16.905028157764832,4.1312742297996815e-64,3.6949866331072e-62
YMR306W,475.2414099883289,-1.1262164556520788,0.13466407467320046,-8.363154452181503,6.106318939820037e-17,5.171535251328218e-16
YNL002C,3241.3510220401035,1.1822467631459617,0.10085536891171433,11.72219958047909,9.80915435362133e-32,2.0035791747206476e-30
YNL014W,730.4528421689886,-1.3217398990099654,0.11979562442658512,-11.033290283652832,2.640252325795817e-28,4.25830860086686e-27
YNL018C,83.66767443129238,-1.248452621037004,0.2781739365302366,-4.488028737017572,7.1885234027367855e-6,2.4961090380208966e-5
YNL037C,5657.622411045559,-1.0472643837897744,0.08830757113351183,-11.859281943180386,1.9261989706302233e-32,4.032039901996528e-31
YNL040C-A,24.101832275212686,-1.791993232385499,0.5086650132760523,-3.522933926287132,4.267977477023782e-4,0.0011343480885579191
YNL044W,2387.676147405909,1.5615396883267723,0.09548686269764664,16.353450560746698,4.1103072888432807e-60,3.1510576527327126e-58
YNL061W,4632.03875152864,1.3597293055905628,0.0883202157380117,15.395448190751596,1.7560355338521035e-53,1.0577426281968334e-51
YNL062C,787.6843557138009,1.1215273001461887,0.11669380796694893,9.610855277461146,7.194883632788288e-22,7.968367370422002e-21
YNL067W,4933.978990556812,2.6078776303201456,0.09252605282179,28.185333220072124,8.846650916937687e-175,6.527722545335396e-172
YNL069C,9537.505927363964,1.1834763710337755,0.08993443865504028,13.159323488671697,1.5042670324742935e-39,4.624837652445706e-38
YNL110C,2107.509894076229,1.2227643425732533,0.0985305702848057,12.40999964821897,2.3065380165824694e-35,5.818587141831759e-34
YNL112W,6768.363129721921,1.2178581949829599,0.10970153471891651,11.101560229794643,1.2327287874657833e-28,2.0498022626508504e-27
YNL124W,1662.8299410858115,1.0406272115590367,0.10728229680276151,9.699896838266147,3.0180362832889894e-22,3.41292493874615e-21
YNL132W,2045.3550517102976,1.3051734949956295,0.09809127141082595,13.305704740325984,2.144613644035825e-40,6.994284166156615e-39
YNL141W,1233.5203612659377,2.412134511249001,0.11589815810644012,20.812535338428003,3.3324676654531016e-96,5.961077766415048e-94
YNL151C,980.2845506536197,1.0003006237103333,0.1091508966407233,9.16438301925162,4.9831206767496905e-20,4.985654466924309e-19
YNL160W,6342.390348708626,1.0130944339917305,0.0925863042962826,10.942163008794022,7.245043991660418e-28,1.129008404526939e-26
YNL162W,4785.6022839863435,1.1001137677318862,0.10435565488531598,10.541966019387077,5.532993442951637e-26,7.721338130908632e-25
YNL169C,3129.966917914531,1.0563815383973598,0.09069148938155158,11.64807795749188,2.3469250932554066e-31,4.674953830991828e-30
YNL175C,2853.3562930043536,1.6509042294522047,0.0950242826607749,17.373498470340802,1.3099033180288843e-67,1.3807784439865186e-65
YNL178W,18514.529771244066,1.4019755066200255,0.09470304470076067,14.803911648774736,1.382059334177678e-49,7.219731194381269e-48
YNL182C,798.2737899553123,1.0358638100156923,0.11521415233765113,8.990768833501887,2.4550693545130786e-19,2.3564673820635288e-18
YNL191W,945.2272676495858,-1.443772721309087,0.11301548637658848,-12.774998963400197,2.261507194280399e-37,6.267453975510421e-36
YNL209W,17193.81545248473,1.1928880892509932,0.0907772720252929,13.140823276983072,1.9212498387014057e-39,5.876237200960827e-38
YNL217W,1033.0142138849696,1.1538639262533195,0.11036078235937136,10.455380086885896,1.384425656679207e-25,1.8786815290522663e-24
YNL241C,18364.795273169046,-1.3019319023224403,0.08288908604544269,-15.70691588526716,1.3561790446165922e-55,8.994971798170498e-54
YNL248C,2018.6650152555906,1.3838541855921396,0.09708361993282387,14.254249960494725,4.218098068450889e-46,1.7785309212903998e-44
YNL252C,909.114109837711,1.0311533428584432,0.11117001300107011,9.275463005014826,1.7684926271451983e-20,1.8155499092240185e-19
YNL277W,3698.19054598406,-1.0994433778630661,0.09095823600544226,-12.087342786609051,1.2320740129672254e-33,2.840989413494348e-32
YNL279W,191.20888727936372,-1.2361517162350304,0.18801261663041896,-6.574833850990778,4.870752610169742e-11,2.7860516141310064e-10
YNL300W,3155.647942632953,-1.6119041571003423,0.09006978451483878,-17.896169795263415,1.2631625484463671e-71,1.5217241884650828e-69
YNL302C,14704.903706898338,1.046186311023954,0.09460117920149214,11.058914062748306,1.9848601295212656e-28,3.218854215539569e-27
YNL327W,4189.080552134659,1.6407807646131114,0.09684108352933471,16.943023609562285,2.166949089756902e-64,1.9679231502823065e-62
YNL335W,63.7299402040066,-1.0473532240711672,0.3018753788929899,-3.4694887271427244,5.214499496707866e-4,0.001360795337270846
YNR016C,21420.618192275382,1.1020477434419065,0.10318604951731755,10.680200943800562,1.2599862781473438e-26,1.854787780524631e-25
YNR034W-A,348.66966891231806,1.682676185862216,0.1709073128541667,9.845548196629975,7.164755740814593e-23,8.358409711072834e-22
YNR050C,9241.583962113411,2.3888961017999124,0.10054179461661744,23.760229374352924,8.613395534672487e-125,2.824715213398427e-122
YNR053C,5514.474966177791,1.1349555783072782,0.08713908410235888,13.02464433725388,8.861301006688891e-39,2.6285557709791217e-37
YNR054C,1271.5929414414609,1.1589087978532795,0.10247285403614623,11.30942246855432,1.1786275202919206e-29,2.1039501808628254e-28
YNR067C,2720.329690199406,1.1552627889984306,0.10540852334494794,10.959861236437675,5.959066896315187e-28,9.405447029130627e-27
YNR069C,209.45592024745093,-1.067348037013896,0.18098503192748,-5.897438178432226,3.6918852071480485e-9,1.8252259947901952e-8
YOL007C,1652.488274876163,-1.1023320904791412,0.10245232721906752,-10.759463649098883,5.34805199372199e-27,7.992291371883774e-26
YOL010W,1309.835095135696,1.0490379023895424,0.10208024292000256,10.276600764083645,8.984044772359518e-25,1.178507028694183e-23
YOL022C,895.5560110666335,1.0045928134430906,0.11408778739194131,8.80543690440657,1.3034384282544076e-18,1.2059869971764527e-17
YOL038C-A,81.31829254424744,-1.2397359951009685,0.32215327334098176,-3.848279988726904,1.1895005780082037e-4,3.498565975078439e-4
YOL040C,13701.227939159,1.1164720816758351,0.09860494720800227,11.32267815448136,1.013282284314163e-29,1.8347869092964736e-28
YOL064C,4310.238679466658,-1.3799861411171332,0.08705420788387319,-15.852032597413087,1.3610639493278682e-56,9.452188815155772e-55
YOL077C,1369.485032796365,1.5854022959394622,0.1045523303943751,15.163720310769435,6.148561842976214e-52,3.45666291038939e-50
YOL077W-A,937.1036463461639,1.075406947668589,0.11411052695734743,9.424257133354207,4.331608201038879e-21,4.549730108671264e-20
YOL080C,360.28183530546687,1.239670681358399,0.14806561185658684,8.37244155353991,5.643651726103786e-17,4.807283714168924e-16
YOL085C,86.05364322074655,-1.5059330225074463,0.28021913269412996,-5.374126341869848,7.695488705509852e-8,3.3279465075915496e-7
YOL104C,49.875005925407635,-1.3064695992352044,0.34588299738818895,-3.7772009873296453,1.586007403205815e-4,4.5624764625360267e-4
YOL118C,103.48381345608776,-1.3631718551211238,0.25277977284798175,-5.392725215956723,6.939703557303141e-8,3.02102286864015e-7
YOL119C,2377.55069185073,-1.2288597232987555,0.09814990828434167,-12.520233027001222,5.786501261860644e-36,1.511403404812539e-34
YOL120C,11206.420902815466,1.267860962651199,0.09880341721196526,12.832157008610618,1.0830624655715062e-37,3.073710449167597e-36
YOL124C,1378.9932004632988,1.4193850613245884,0.11460683955924884,12.384819848302353,3.157932206584206e-35,7.898844837062105e-34
YOL127W,10751.176165785295,1.1867877880280466,0.10193292634045392,11.642830541960498,2.495923305303176e-31,4.927570324817608e-30
YOL131W,14.531814010023702,-1.892180635674256,0.659136612959881,-2.870695692623322,0.004095695969087702,0.009007784391030069
YOL144W,1305.148353948996,1.0887349681853522,0.10374260790969743,10.494578747557991,9.148486553790947e-26,1.2588232197442417e-24
YOL157C,79.61263806275302,-1.0416364777759026,0.2787508640035417,-3.736800893871554,1.8637638848728998e-4,5.304627874833523e-4
YOL162W,163.94465808387235,-2.8432447460234145,0.23704637276317816,-11.994466369092962,3.7985733164913725e-33,8.461501240471159e-32
YOL163W,486.5993616880195,-2.8554681181539032,0.15360097435287134,-18.590169301881936,3.8595771711328106e-77,5.177973645726587e-75
YOL164W,4406.031921848752,-2.0820490338158524,0.09366741525252917,-22.22810385236539,1.8373276132921302e-109,4.5190603755264354e-107
YOL164W-A,30.076236413236305,-1.0723321346369663,0.4352378877353794,-2.4637839784962248,0.013747894139638494,0.02706931924826085
YOL165C,35.497236962740516,-1.51078207057477,0.41336585075753324,-3.6548303828342728,2.573520641296748e-4,7.142215489221769e-4
YOR004W,880.506852545417,1.3265494411786134,0.11739038709058461,11.300324277446823,1.3073434998480902e-29,2.3105534968872087e-28
YOR019W,541.6495361227685,-1.1345701245775586,0.1329901996119174,-8.531231082353292,1.44798471669286e-17,1.2795589494966995e-16
YOR032C,638.7908557780238,-2.0557618492931526,0.1312881690648062,-15.6583937755914,2.9115804821289382e-55,1.8886878665941892e-53
YOR032W-A,59.55957965575436,-2.355459825833369,0.3514055780111678,-6.702966524220944,2.0423026473665107e-11,1.200387850356772e-10
YOR095C,657.6106868435503,1.1394278049155784,0.12189926027299669,9.347290560777802,8.992165512652498e-21,9.378224915404185e-20
YOR096W,6945.148147656104,1.0793558923047948,0.09783555207852668,11.03234835776734,2.668057328197014e-28,4.291428449140864e-27
YOR108W,1507.36052948833,1.0469785200427253,0.10027779279042519,10.440781462261043,1.6147590149368414e-25,2.1862207488927004e-24
YOR167C,6708.609482730774,1.1721740519332724,0.12287034755913907,9.53992623296756,1.429339484651138e-21,1.551009060819914e-20
YOR182C,3246.130923695513,1.1100022140156252,0.09529642618860783,11.647889206450849,2.3521282192183175e-31,4.674953830991828e-30
YOR183W,41.15338352733935,-1.4590686422160781,0.3899214254096371,-3.741955550873447,1.8259381674631312e-4,5.207011112335683e-4
YOR184W,5148.752980846725,-1.3168431579748632,0.08584109538149362,-15.340474770534671,4.101839833079877e-53,2.3973426271951003e-51
YOR185C,1743.4037954838718,-1.0362612108676645,0.09705441593423116,-10.677115522181763,1.3025619662070966e-26,1.912692359830968e-25
YOR202W,718.3425984681485,-1.0199999814342984,0.12284937829210235,-8.302850169978202,1.0164302630777422e-16,8.498566349784578e-16
YOR206W,3602.891113180751,1.30744809876993,0.09466221775932081,13.811720554594693,2.1659577793528052e-43,8.195928699692057e-42
YOR235W,19.914524925851246,-1.7260278286216821,0.5540484568930427,-3.1153012108377487,0.001837571605414861,0.0043181469692531544
YOR237W,182.01533041965985,-1.0978713792215007,0.20231005735915536,-5.426677217892734,5.741281859950586e-8,2.5272771677321634e-7
YOR243C,1679.0439725351675,1.0845269328095446,0.10058018961401637,10.782709169385083,4.1546593004796324e-27,6.256365778247774e-26
YOR272W,1752.3769845560694,1.0674208975197492,0.10127613236860979,10.539708345444211,5.667438450726031e-26,7.890304050621641e-25
YOR273C,1399.5873897021002,1.1841844027294497,0.10230140879134782,11.57544570226488,5.488527523050583e-31,1.0657492752818286e-29
YOR274W,634.8111774346726,1.1990320291904004,0.12232657530742067,9.801893220480471,1.1049491911702848e-22,1.2739287256793342e-21
YOR293W,8378.222327668176,1.3201944592921222,0.08929221847503688,14.785100895003572,1.8278320278837573e-49,9.464642509296332e-48
YOR298W,247.6874249830704,-1.2352019409299289,0.17740388645571714,-6.962654345446119,3.33920427411881e-12,2.090278136810534e-11
YOR302W,272.0498849296894,-1.2815464251125135,0.17785355240629347,-7.205627370236126,5.777720702953936e-13,3.793758098947395e-12
YOR306C,1770.5058119940425,1.2186568824475912,0.10227928916231506,11.914991709744957,9.887601764559749e-33,2.1147287397172535e-31
YOR310C,6785.4040859671395,1.3858166008188615,0.08454987435169013,16.390522297578784,2.2351583321558108e-60,1.736071004567862e-58
YOR312C,5908.488483587983,1.313405898280825,0.09960424756164249,13.186243864429498,1.0530268573196075e-39,3.2888981686548374e-38
YOR314W,5.096302452880657,4.317300638744281,1.6675168343472415,2.589059702317375,0.009623840751863007,0.01954904747358821
YOR315W,376.78899603309475,1.8592198934685853,0.15427163903973454,12.051598758147119,1.9022409538202556e-33,4.335493571583386e-32
YOR340C,1049.3114908800046,1.3880831386623758,0.10841606134734809,12.803297974597829,1.5713337224310095e-37,4.416944268338214e-36
YOR341W,4428.276502922386,1.2886067358258189,0.08816550711526411,14.615769567810064,2.2282229708931586e-48,1.0693658696896192e-46
YOR348C,9165.263232990423,-1.9288637828752337,0.08729534885125081,-22.09583681442148,3.465889697149002e-108,7.868902647027139e-106
YOR351C,29.317760615885895,-1.1569023913650662,0.4538502889927594,-2.5490837384561478,0.010800636289443794,0.021744937249859046
YOR369C,15092.660267699193,1.540459964572907,0.11752660713590017,13.107329498516183,2.9894042444810464e-39,9.003292477128377e-38
YOR376W,31.244818916754014,-1.2585971561592881,0.43008517651172634,-2.9263904568098322,0.003429202479702505,0.007673458012768722
YOR381W,206.44995525641482,-1.2655992103555886,0.18377877633909864,-6.886536277836422,5.71671870414163e-12,3.511528669151721e-11
YPL012W,2723.7546617845064,1.4743285256026235,0.09313420546695532,15.830150890434405,1.927583926546915e-56,1.3230846416751673e-54
YPL017C,659.5565013656908,-1.1264372002369702,0.12487218934192561,-9.020721156354156,1.8685514182566297e-19,1.8022972258119094e-18
YPL018W,261.00874063820766,-1.0186138378198935,0.16459344109225268,-6.188666031041738,6.067547822363939e-10,3.215146750037193e-9
YPL027W,28.704432614365388,-1.3698937389426293,0.4560886847878723,-3.0035687896527614,0.002668332193166597,0.006074494769094649
YPL036W,595.8487924440071,-1.0923458861974327,0.12460052138764117,-8.76678423197818,1.838416206352069e-18,1.6903692937844647e-17
YPL038W-A,9.307255001254248,-3.0105173004083046,0.9583605438350897,-3.141320163663103,0.0016818806329268348,0.0039712565504668425
YPL043W,5269.290791812778,1.2609259488874873,0.08514385801809347,14.809358869074673,1.2745014026403154e-49,6.717305160523021e-48
YPL054W,1379.2012443429212,-3.140811621876826,0.12504678928855245,-25.117091288359493,3.2357856355796572e-139,1.736440236984247e-136
YPL056C,653.5659865223665,-1.0188067474508615,0.12121639937244275,-8.40485901846113,4.283758827635351e-17,3.670105712558995e-16
YPL058C,2349.0072635991423,1.1173143292496146,0.09416918779578187,11.864967250993562,1.7997289781328602e-32,3.7807117999709163e-31
YPL062W,53.51915404434026,-1.190639777501946,0.3429065016534407,-3.4721994822520714,5.162126022998811e-4,0.0013489167735175735
YPL081W,1995.770659611555,2.3052231117163506,0.10928183333314613,21.094293913324716,8.973515994451434e-99,1.7656888305082273e-96
YPL090C,11472.261492846548,1.2559867882644797,0.0876823849368626,14.324277209942194,1.5432532299797567e-46,6.748017641904078e-45
YPL093W,4660.098989644414,1.4516154769152234,0.08850581951323037,16.40135625994884,1.8701584022788285e-60,1.4918304119799898e-58
YPL126W,2388.4896735534667,1.0544418111487521,0.0934473900889518,11.283801614416815,1.5777712943312452e-29,2.7636747627410505e-28
YPL131W,23909.039262681374,1.1309526889178172,0.11427220136954867,9.89700623041637,4.289226539989675e-23,5.085372036554577e-22
YPL141C,1230.25549383227,1.0046208795739315,0.1034136455241457,9.714587223785337,2.6130560822803546e-22,2.9663211641732564e-21
YPL143W,6364.832424326651,1.0068954328010478,0.11449094634979871,8.79454196949974,1.4363267774967174e-18,1.3268602453150426e-17
YPL146C,2403.8929062229095,1.0886810061663477,0.09659859320878532,11.270153839749042,1.842476953995569e-29,3.2083013154678003e-28
YPL158C,1499.3218331069274,1.3070586565001132,0.10280743987610073,12.713658253481714,4.9655959379489305e-37,1.350779392705647e-35
YPL163C,5955.20547438614,-1.083286206751453,0.08926226447764768,-12.135992886699851,6.807918124457431e-34,1.6010813023375384e-32
YPL166W,113.09458916133406,-1.2657602947844382,0.23991922359922485,-5.275776887719671,1.3219484455654116e-7,5.589872259435978e-7
YPL171C,581.0894955274314,-1.4566322100163684,0.13172513595138696,-11.05811885860522,2.0025332501694603e-28,3.238617472808308e-27
YPL183C,1201.4297340398646,1.090453030035944,0.10772282994869851,10.122766274848674,4.37862095973615e-24,5.52286314643643e-23
YPL198W,2893.690416377418,2.3029073077511417,0.10546592772099064,21.835557298120644,1.066343999347047e-105,2.1705615959122821e-103
YPL211W,701.770830117975,1.44923223822679,0.12172114971394925,11.906166197349908,1.0991579417489212e-32,2.3423571588967083e-31
YPL217C,6787.13558407397,1.238840465136067,0.09324349679176416,13.286079005624432,2.7881014845828517e-40,8.94465383885466e-39
YPL220W,4495.158243080502,1.214320915123937,0.10098095545596635,12.025246836305213,2.6180453403720277e-33,5.898596047410718e-32
YPL223C,1611.5532402365136,-2.8396318073212705,0.12398625172555898,-22.902795816480825,4.357484321662111e-116,1.1691922704896109e-113
YPL242C,1764.8203674399872,1.0693625469071393,0.09668699413448938,11.060045422651992,1.959982425159945e-28,3.1872661861485278e-27
YPL249C-A,17318.900916401744,1.247272828589246,0.10252873804163871,12.16510465663497,4.768338259145631e-34,1.1259000297494664e-32
YPL250C,1201.6694489457168,-1.1128651564108605,0.11192459629629767,-9.942990131184175,2.705807750578169e-23,3.273029334357158e-22
YPL263C,3339.8384326508785,1.0085354894007026,0.09043122300958102,11.15251409675008,6.961128621519228e-29,1.1740440643665144e-27
YPL265W,4166.306775802535,-1.2806501431924497,0.0923361954223467,-13.869427230943867,9.704864713209103e-44,3.7199880780567104e-42
YPL266W,1403.797469816004,1.1782146186332194,0.11059059702343116,10.65384083588578,1.6731602270824828e-26,2.4207511814872298e-25
YPL274W,11047.835111894532,-1.1945521965216517,0.08926277669623453,-13.382422558809363,7.6609091558231e-41,2.5694515197058952e-39
YPL280W,62.271839174932,-1.0443985777773692,0.31016555433214477,-3.367229414066275,7.592749641335131e-4,0.0019153846637949266
YPR010C,5370.899196899091,1.2934190728919415,0.0903567687322483,14.314578653478572,1.7743626807811864e-46,7.645301390256454e-45
YPR014C,47.058570109036395,-1.167939653798733,0.366138889796229,-3.189881453042965,0.0014233116518858164,0.0034042984931450465
YPR043W,10156.860188751883,1.0888115079320464,0.10679794832443881,10.195060158125633,2.0861533697604282e-24,2.6887692885798706e-23
YPR061C,216.61966750383493,-1.1728437082517114,0.18090894875970942,-6.4830607678204455,8.988027515317701e-11,5.057800421632067e-10
YPR064W,106.42458063096166,-1.8373061240593649,0.2545872245442263,-7.2168040927764325,5.322356561427379e-13,3.5103766236989744e-12
YPR102C,5050.7112489639585,1.1371261229340301,0.08915355397905018,12.754692013750104,2.9353258301505198e-37,8.059175988548149e-36
YPR112C,4404.539531633331,1.2921159362280497,0.08717701206381812,14.821750661540836,1.0598578699438065e-49,5.63634324889936e-48
YPR119W,645.4830733202743,1.84015767287796,0.12721864595287716,14.464528050075064,2.0299254360399966e-47,9.288875851894651e-46
YPR132W,15931.2474712781,1.2914038521184021,0.0816918238755972,15.808238705564847,2.7299268040845866e-56,1.8522710258058982e-54
YPR143W,1944.9824906787305,1.0534346139028778,0.09701263557684352,10.85873615987326,1.8124011266829927e-27,2.7933691516474424e-26
YPR151C,473.68687849329615,-1.5762309198916036,0.1398434818221354,-11.271393556235859,1.8167150386241505e-29,3.172801441715491e-28
YPR156C,1311.189632001007,1.1837947352364901,0.10603865865847303,11.16380337334547,6.131123205651149e-29,1.0400005828436417e-27
YPR167C,2899.5150208239093,-1.5807446561472944,0.09305046951468163,-16.988035250030443,1.0070637475952764e-64,9.436027463579232e-63
YPR187W,2220.029437494973,1.023213311192362,0.10421855441228005,9.817957243434927,9.423366868614893e-23,1.0928513678867133e-21
YPR192W,873.9443212174077,-1.3677244808739029,0.11395982637545005,-12.001812606907821,3.475993408471595e-33,7.801820946847082e-32
YPR193C,231.0047890365817,-1.5500290148116176,0.18026211758562805,-8.598750727952163,8.058851218458428e-18,7.16436728050604e-17
YPR200C,95.88443775640349,-1.1775106882134072,0.26000703171953027,-4.528764781575556,5.93295004149704e-6,2.0946294315165686e-5
YPR201W,134.13250474070253,-1.2558762762677709,0.23864047172437364,-5.262629038540831,1.4200992698095646e-7,5.992027154886247e-7
